{"cameraMode":{"drawMode":0,"name":"Shaded","section":"Shading Mode"},"sceneLighting":true,"audioPlay":false,"sceneViewState":{"m_AlwaysRefresh":false,"showFog":true,"showSkybox":true,"showFlares":true,"showImageEffects":true,"showParticleSystems":true,"showVisualEffectGraphs":true,"m_FxEnabled":true},"in2DMode":false,"pivot":{"x":-11.706701278686524,"y":-11.929435729980469,"z":13.068408966064454},"rotation":{"x":-0.2758682370185852,"y":0.10960263758897782,"z":-0.0316927470266819,"w":-0.9543333649635315},"size":29.993057250976564,"orthographic":false}